{
  "ie": {
    "6": 0,
    "7": 0,
    "8": 0,
    "9": 0,
    "10": 0,
    "11": 0.016066797071252418,
    "5.5": 0
  },
  "edge": {
    "12": 0,
    "13": 0,
    "14": 0,
    "15": 0,
    "16": 0,
    "17": 0.006885770173393894,
    "18": 0.006630741648453379,
    "79": 0,
    "80": 0,
    "81": 0,
    "83": 0.0048455419738697774,
    "84": 0.0005100570498810293,
    "85": 0,
    "86": 0.004590513448929263,
    "87": 0,
    "88": 0.00025502852494051464,
    "89": 0,
    "90": 0,
    "91": 0.0007650855748215438,
    "92": 0,
    "93": 0,
    "94": 0.00025502852494051464,
    "95": 0.016831882646073965
  },
  "firefox": {
    "2": 0,
    "3": 0,
    "4": 0,
    "5": 0,
    "6": 0,
    "7": 0,
    "8": 0,
    "9": 0,
    "10": 0,
    "11": 0,
    "12": 0,
    "13": 0,
    "14": 0,
    "15": 0,
    "16": 0,
    "17": 0,
    "18": 0,
    "19": 0,
    "20": 0,
    "21": 0,
    "22": 0,
    "23": 0,
    "24": 0,
    "25": 0,
    "26": 0,
    "27": 0,
    "28": 0,
    "29": 0,
    "30": 0,
    "31": 0,
    "32": 0,
    "33": 0,
    "34": 0,
    "35": 0,
    "36": 0,
    "37": 0,
    "38": 0,
    "39": 0,
    "40": 0,
    "41": 0,
    "42": 0,
    "43": 0,
    "44": 0,
    "45": 0.003570399349167204,
    "46": 0,
    "47": 0,
    "48": 0,
    "49": 0,
    "50": 0,
    "51": 0,
    "52": 0.0005100570498810293,
    "53": 0,
    "54": 0,
    "55": 0,
    "56": 0.006630741648453379,
    "57": 0,
    "58": 0,
    "59": 0,
    "60": 0,
    "61": 0,
    "62": 0,
    "63": 0.004080456399048234,
    "64": 0,
    "65": 0,
    "66": 0,
    "67": 0,
    "68": 0.001275142624702573,
    "69": 0,
    "70": 0,
    "71": 0,
    "72": 0,
    "73": 0.018872110845598082,
    "74": 0,
    "75": 0,
    "76": 0,
    "77": 0.0015301711496430875,
    "78": 0.5324995600757945,
    "79": 0.017341939695954992,
    "80": 0,
    "81": 0,
    "82": 0,
    "83": 0.0038254278741077187,
    "84": 0.00025502852494051464,
    "85": 0.006630741648453379,
    "86": 0,
    "87": 0,
    "88": 0.00025502852494051464,
    "89": 0.0010201140997620586,
    "90": 0,
    "91": 0.09691083947739555,
    "92": 0.15760762841323803,
    "93": 0.017086911171014477,
    "94": 0.06860267320899843,
    "95": 9.149403360765902,
    "3.5": 0,
    "3.6": 0
  },
  "chrome": {
    "4": 0,
    "5": 0,
    "6": 0,
    "7": 0,
    "8": 0,
    "9": 0,
    "10": 0,
    "11": 0.00025502852494051464,
    "12": 0,
    "13": 0,
    "14": 0,
    "15": 0,
    "16": 0,
    "17": 0,
    "18": 0,
    "19": 0,
    "20": 0,
    "21": 0,
    "22": 0,
    "23": 0,
    "24": 0,
    "25": 0,
    "26": 0,
    "27": 0,
    "28": 0,
    "29": 0,
    "30": 0,
    "31": 0,
    "32": 0,
    "33": 0,
    "34": 0,
    "35": 0,
    "36": 0,
    "37": 0,
    "38": 0,
    "39": 0,
    "40": 0,
    "41": 0,
    "42": 0,
    "43": 0,
    "44": 0,
    "45": 0.0010201140997620586,
    "46": 0,
    "47": 0,
    "48": 0.0007650855748215438,
    "49": 0.026777995118754037,
    "50": 0.0010201140997620586,
    "51": 0.0028053137743456603,
    "52": 0,
    "53": 0,
    "54": 0,
    "55": 0.0015301711496430875,
    "56": 0,
    "57": 0,
    "58": 0,
    "59": 0,
    "60": 0.0005100570498810293,
    "61": 0.0010201140997620586,
    "62": 0.0010201140997620586,
    "63": 0.0022952567244646314,
    "64": 0.0010201140997620586,
    "65": 0.002550285249405146,
    "66": 0.02320759576958683,
    "67": 0.025247823969110947,
    "68": 0,
    "69": 0.001275142624702573,
    "70": 0.0048455419738697774,
    "71": 0.014536625921609331,
    "72": 0.0005100570498810293,
    "73": 0.02932828036815918,
    "74": 0.5727940670163958,
    "75": 0.03595902201661256,
    "76": 0.00612068459857235,
    "77": 0.014791654446549845,
    "78": 0.0010201140997620586,
    "79": 0.11246757949876693,
    "80": 0.002040228199524117,
    "81": 0.00025502852494051464,
    "83": 0.0010201140997620586,
    "84": 0,
    "85": 0.00025502852494051464,
    "86": 0.01938216789547911,
    "87": 0.4358437491233395,
    "88": 0.0033153708242266897,
    "89": 0.04411993481470902,
    "90": 0.009181026897858525,
    "91": 0.2914976040070082,
    "92": 0.05738141811161578,
    "93": 0.045140048914471084,
    "94": 0.3478589080188619,
    "95": 0.4054953546554182,
    "96": 40.78824216488614,
    "97": 6.189032243256408,
    "98": 0.007650855748215437
  },
  "safari": {
    "4": 0,
    "5": 0,
    "6": 0,
    "7": 0,
    "8": 0,
    "9": 0,
    "10": 0,
    "11": 0,
    "12": 0.03162353709262381,
    "13": 0.058401532211377845,
    "14": 0.5529018420710357,
    "15": 1.2988602775220408,
    "3.1": 0,
    "3.2": 0,
    "5.1": 0,
    "6.1": 0,
    "7.1": 0,
    "9.1": 0,
    "10.1": 0.0005100570498810293,
    "11.1": 0.19866722092866085,
    "12.1": 0.5085268787313861,
    "13.1": 1.187412812123036,
    "14.1": 3.6675652171695403,
    "TP": 0
  },
  "opera": {
    "9": 0,
    "11": 0,
    "12": 0,
    "15": 0,
    "16": 0,
    "17": 0,
    "18": 0,
    "19": 0,
    "20": 0,
    "21": 0,
    "22": 0,
    "23": 0,
    "24": 0,
    "25": 0,
    "26": 0,
    "27": 0,
    "28": 0,
    "29": 0,
    "30": 0,
    "31": 0,
    "32": 0,
    "33": 0,
    "34": 0,
    "35": 0,
    "36": 0,
    "37": 0,
    "38": 0,
    "39": 0,
    "40": 0,
    "41": 0,
    "42": 0,
    "43": 0,
    "44": 0,
    "45": 0,
    "46": 0,
    "47": 0,
    "48": 0,
    "49": 0,
    "50": 0,
    "51": 0,
    "52": 0,
    "53": 0,
    "54": 0,
    "55": 0,
    "56": 0,
    "57": 0,
    "58": 0,
    "60": 0,
    "62": 0,
    "63": 0,
    "64": 0,
    "65": 0,
    "66": 0,
    "67": 0,
    "68": 0,
    "69": 0,
    "70": 0,
    "71": 0,
    "72": 0,
    "73": 0,
    "74": 0,
    "75": 0,
    "76": 0,
    "77": 0,
    "78": 0,
    "79": 0,
    "80": 0,
    "9.5-9.6": 0,
    "10.0-10.1": 0,
    "10.5": 0,
    "10.6": 0,
    "11.1": 0,
    "11.5": 0,
    "11.6": 0,
    "12.1": 0.0007650855748215438
  },
  "ios_saf": {
    "8": 0,
    "15": 0.07778370010685695,
    "3.2": 0,
    "4.0-4.1": 0,
    "4.2-4.3": 0,
    "5.0-5.1": 0,
    "6.0-6.1": 0,
    "7.0-7.1": 0,
    "8.1-8.4": 0,
    "9.0-9.2": 0,
    "9.3": 0,
    "10.0-10.2": 0,
    "10.3": 5.862340702807609,
    "11.0-11.2": 0.0010201140997620586,
    "11.3-11.4": 0.0005100570498810293,
    "12.0-12.1": 0.002550285249405146,
    "12.2-12.5": 0.16015791366264318,
    "13.0-13.1": 0.00025502852494051464,
    "13.2": 0.00025502852494051464,
    "13.3": 0.010711198047501614,
    "13.4-13.7": 0.021422396095003227,
    "14.0-14.4": 0.14740648741561743,
    "14.5-14.8": 0.4996008803584681
  },
  "op_mini": {
    "all": 0
  },
  "android": {
    "3": 0,
    "4": 0,
    "94": 7.277493987702524,
    "2.1": 0,
    "2.2": 0,
    "2.3": 0,
    "4.1": 0,
    "4.2-4.3": 0,
    "4.4": 0.0005100570498810293,
    "4.4.3-4.4.4": 0
  },
  "bb": {
    "7": 0,
    "10": 0
  },
  "op_mob": {
    "10": 0.0010201140997620586,
    "11": 0.0010201140997620586,
    "12": 0.0010201140997620586,
    "64": 0.0010201140997620586,
    "11.1": 0.0010201140997620586,
    "11.5": 0.0010201140997620586,
    "12.1": 0.0010201140997620586
  },
  "and_chr": {
    "94": 2.7175839617661235
  },
  "and_ff": {
    "92": 0.021167367570062712
  },
  "ie_mob": {
    "10": 0,
    "11": 0
  },
  "and_uc": {
    "12.12": 0.007650855748215437
  },
  "samsung": {
    "4": 0,
    "5.0-5.4": 0,
    "6.2-6.4": 0,
    "7.2-7.4": 0,
    "8.2": 0,
    "9.2": 0,
    "10.1": 0,
    "11.1-11.2": 0,
    "12.0": 0,
    "13.0": 0,
    "14.0": 0,
    "15.0": 0
  },
  "and_qq": {
    "10.4": 0
  },
  "baidu": {
    "7.12": 0
  },
  "kaios": {
    "2.5": 0
  }
}
